{
  "rmse": 0.12592791571720552,
  "mae": 0.10731964558362961,
  "epoch": 30
}