{
  "rmse": 0.12689528247950843,
  "mae": 0.10790126025676727,
  "epoch": 29
}