{
  "rmse": 0.12072739249163641,
  "mae": 0.10187999159097672,
  "epoch": 42
}