{
  "rmse": 0.11407838083783742,
  "mae": 0.09734056890010834,
  "epoch": 30
}