{
  "rmse": 0.13000328528627106,
  "mae": 0.11194279044866562,
  "epoch": 30
}