{
  "rmse": 0.1169416272188413,
  "mae": 0.09872640669345856,
  "epoch": 30
}