{
  "rmse": 0.11760166414175759,
  "mae": 0.10098572820425034,
  "epoch": 29
}