{
  "rmse": 0.11428452855957509,
  "mae": 0.09720630943775177,
  "epoch": 30
}