{
  "rmse": 0.12149204616306598,
  "mae": 0.10443030297756195,
  "epoch": 30
}