{
  "rmse": 0.0266062235092268,
  "mae": 0.021714504808187485,
  "epoch": 58
}