{
  "rmse": 0.1089687038762854,
  "mae": 0.09189806133508682,
  "epoch": 30
}