{
  "rmse": 0.114561179486701,
  "mae": 0.09746460616588593,
  "epoch": 30
}