{
  "rmse": 0.1209820686136751,
  "mae": 0.10405541956424713,
  "epoch": 30
}