{
  "rmse": 0.1189162337802472,
  "mae": 0.10214430093765259,
  "epoch": 29
}