{
  "rmse": 0.12490883125117538,
  "mae": 0.10612385720014572,
  "epoch": 29
}