{
  "rmse": 0.11993019155933521,
  "mae": 0.1021997332572937,
  "epoch": 30
}