{
  "rmse": 0.12231139980624448,
  "mae": 0.10418067127466202,
  "epoch": 30
}