{
  "rmse": 0.12481403673999583,
  "mae": 0.10684514790773392,
  "epoch": 28
}