{
  "rmse": 0.11991265957368492,
  "mae": 0.10200449079275131,
  "epoch": 29
}