{
  "rmse": 0.12628709976223862,
  "mae": 0.10757150501012802,
  "epoch": 30
}