{
  "rmse": 0.11919727307600131,
  "mae": 0.10201365500688553,
  "epoch": 30
}