{
  "rmse": 0.1266335499862216,
  "mae": 0.10959949344396591,
  "epoch": 10
}