{
  "rmse": 0.10500672034345647,
  "mae": 0.08882035315036774,
  "epoch": 30
}