{
  "rmse": 0.12636006554841428,
  "mae": 0.10834339261054993,
  "epoch": 30
}