{
  "rmse": 0.13220491696996156,
  "mae": 0.11420251429080963,
  "epoch": 30
}