{
  "rmse": 0.11271127822410933,
  "mae": 0.09594954550266266,
  "epoch": 48
}