{
  "rmse": 0.02347983198083045,
  "mae": 0.018298795446753502,
  "epoch": 61
}