{
  "rmse": 0.11278249436001439,
  "mae": 0.09696926176548004,
  "epoch": 30
}