{
  "rmse": 0.055380267185656584,
  "mae": 0.03034449741244316,
  "epoch": 60
}