{
  "rmse": 0.11658482551261687,
  "mae": 0.09932652115821838,
  "epoch": 29
}